Barcode,Cluster
AAACCCAAGTGGTCAG-1,5
AAAGGTATCAACTACG-1,1
AAAGTCCAGCGTGTCC-1,1
AACACACTCAAGAGTA-1,1
AACACACTCGACGAGA-1,1
AACAGGGCAGGAGGTT-1,3
AACAGGGCAGTGTATC-1,3
AACAGGGTCAGAATAG-1,3
AACCTGAAGATGGTCG-1,1
AACGGGATCGTTATCT-1,1
AACTTCTAGATGCAGC-1,3
AACTTCTGTATCATGC-1,1
AACTTCTGTGCGCTCA-1,1
AAGAACAGTGAGACCA-1,1
AAGAACATCCATACAG-1,5
AAGACTCTCGACCACG-1,3
AAGATAGCAGGCATGA-1,3
AAGCATCTCGTGAGAG-1,3
AAGCGAGAGCAACAGC-1,3
AAGCGAGAGCCAAGGT-1,2
AAGCGAGCACACAGAG-1,3
AAGCGAGCAGAGGCAT-1,1
AAGCGTTAGAGGACTC-1,2
AAGTCGTAGCTGGCTC-1,1
AAGTTCGGTAGAGACC-1,3
AATCGACAGTACAACA-1,4
AATCGACAGTCAAGCG-1,2
AATGAAGTCTGGAGAG-1,5
AATGACCTCCAACCAA-1,1
AATGGCTGTATGGGAC-1,1
AATGGCTGTCTGATCA-1,2
AATGGCTTCAGAGTTC-1,5
AATTCCTCAATACCTG-1,1
AATTCCTGTATGAAGT-1,4
AATTCCTGTTTACGTG-1,2
ACAAAGACACAATGAA-1,1
ACAACCACATCGTGCG-1,3
ACAACCAGTCTGTGGC-1,5
ACACTGAAGCATCAAA-1,2
ACAGCCGGTGCTGTCG-1,4
ACATCCCAGGCCTTCG-1,1
ACATCGAGTGATTCTG-1,1
ACATGCAAGGTGCTGA-1,3
ACATTTCAGTCTAACC-1,1
ACATTTCTCGCGAAGA-1,1
ACCAAACCAAATGGCG-1,5
ACCAACATCTAATTCC-1,1
ACCCTCACACAAGCCC-1,1
ACCCTCAGTTGAGGAC-1,1
ACCTACCAGTCCTACA-1,5
ACCTGTCAGTTCGGTT-1,5
ACCTGTCCAGACCTAT-1,2
ACCTGTCGTGATTAGA-1,4
ACGATCAAGGCTAGCA-1,1
ACGCACGAGGAGTCTG-1,3
ACGGAAGAGAGTAACT-1,3
ACGGAAGTCAAGCGTT-1,1
ACGTAACTCATTACGG-1,4
ACGTAGTAGAGAGGGC-1,2
ACGTAGTGTTGACTAC-1,5
ACGTCCTAGAGAAGGT-1,2
ACGTCCTGTCGTTGCG-1,1
ACGTTCCCATTCGGGC-1,1
ACGTTCCGTAGATCCT-1,1
ACTACGAAGAGTATAC-1,5
ACTATCTGTGCAATAA-1,1
ACTATCTTCCGTGTGG-1,3
ACTATCTTCCTTGGAA-1,2
ACTATGGGTAGAGCTG-1,3
ACTCCCATCCGACAGC-1,4
ACTTATCTCATACAGC-1,2
ACTTCCGCAGTTCACA-1,1
ACTTTCAGTCACCCTT-1,2
AGAAATGTCGCGTTTC-1,4
AGAACAAAGCTGCCTG-1,3
AGAACCTGTTACGGAG-1,1
AGACACTAGAGATGCC-1,3
AGACACTAGATGCCGA-1,1
AGACCATGTGTGAATA-1,1
AGACTCACATTCAGGT-1,1
AGACTCATCGCCAGAC-1,1
AGAGAGCCAAGTAGTA-1,3
AGATCCAAGTAGAGTT-1,4
AGATCGTTCGAACGGA-1,4
AGATGCTCACAACGAG-1,2
AGCGCCAAGGCAGGTT-1,4
AGCGTCGGTAGTTAGA-1,2
AGCTACAAGCGGTAAC-1,3
AGCTACACAATCGAAA-1,5
AGCTACACATCCTCAC-1,5
AGCTACAGTGAGTAGC-1,2
AGCTTCCAGCTTGTGT-1,4
AGGAATACATAGAAAC-1,3
AGGACGAGTAAGGTCG-1,4
AGGAGGTAGGACTTCT-1,1
AGGAGGTGTGACCGAA-1,1
AGGAGGTTCATCGCTC-1,5
AGGATAAAGTTCATCG-1,2
AGGATAAGTGGCAACA-1,1
AGGATCTGTTCGGACC-1,1
AGGCTGCGTCAACGCC-1,2
AGGGAGTGTTACGTAC-1,1
AGGGCCTTCCATATGG-1,1
AGGGCCTTCGAAATCC-1,3
AGGGTGAGTCTCACAA-1,1
AGGTAGGCAAGGCGTA-1,4
AGGTAGGGTACCGGAA-1,1
AGTAACCTCTACGGGC-1,4
AGTACCACACAATTCG-1,1
AGTAGTCCACTGCGTG-1,3
AGTGTTGAGCCAGTAG-1,4
AGTTAGCCACTTCATT-1,2
AGTTCCCCAATCGTCA-1,5
AGTTCCCTCCTCAGAA-1,1
AGTTCGAAGTAAGACT-1,1
AGTTCGATCGTGAGAG-1,4
ATACCGAAGCAAACAT-1,1
ATACCGAGTTGTTTGG-1,4
ATAGACCAGCGAATGC-1,2
ATAGACCTCTGGGCGT-1,5
ATAGAGAGTCACCCTT-1,4
ATAGAGATCAGACATC-1,4
ATAGGCTTCAGCCCAG-1,4
ATATCCTAGTCTCGTA-1,2
ATCACGACAAGTAGTA-1,1
ATCATTCTCAACGCTA-1,5
ATCCTATCATGACACT-1,2
ATCCTATGTCACATTG-1,1
ATCGATGTCTGGTGGC-1,1
ATCGGCGTCCATCTAT-1,3
ATCGTAGCACGCCAGT-1,2
ATCGTAGTCTATCACT-1,2
ATCGTGAGTCGCTTGG-1,1
ATCTCTAAGGGTATAT-1,1
ATCTCTACATGCCATA-1,4
ATCTTCACAATTCGTG-1,3
ATGAAAGAGGTTAGTA-1,4
ATGAGTCTCTCGTGAA-1,1
ATGCGATCATTGCCGG-1,4
ATGGAGGCATAATCGC-1,3
ATGGATCTCAGTGATC-1,1
ATGGATCTCCTCATAT-1,2
ATGGGAGCAATCTGCA-1,1
ATGTCCCGTATCATGC-1,1
ATTACTCTCTTCCTAA-1,5
ATTCACTAGTGAGGTC-1,1
ATTCAGGAGCCATTCA-1,3
ATTCATCCAGGGTCTC-1,3
ATTCATCTCATCTGTT-1,3
ATTCATCTCCGTGCGA-1,3
ATTCCATCACGAGGAT-1,5
ATTCCCGAGACCAAGC-1,4
ATTCCTATCAAGTGTC-1,3
ATTCGTTTCCACCCTA-1,4
ATTCGTTTCCTCTAGC-1,1
ATTGGGTGTACATTGC-1,1
CAAAGAATCCTCTCGA-1,1
CAACAGTCAGTGAGCA-1,2
CAACAGTTCCTGTAAG-1,3
CAACCAAGTCATCGCG-1,3
CAACGATAGCTACTAC-1,3
CAACGATCAGGTTCAT-1,2
CAACGGCAGGATGGCT-1,2
CAACGGCTCAGGCGAA-1,1
CAATCGATCCACAGGC-1,4
CACATGATCGCTGTCT-1,3
CACCAAAAGGACAACC-1,3
CACCAAATCGGAGATG-1,4
CACCGTTAGGCTATCT-1,4
CACTGAACAGAAGCTG-1,4
CACTGAATCACACGAT-1,1
CACTTCGAGCAAGCCA-1,4
CACTTCGCATAGACTC-1,1
CAGAGCCCAATTTCCT-1,3
CAGATACAGAATCGAT-1,5
CAGATACCACGGGCTT-1,3
CAGATTGAGCCTTTGA-1,5
CAGCAGCTCACTGATG-1,2
CAGCAGCTCCTCACGT-1,3
CAGGCCAAGTGCCGAA-1,5
CAGGCCATCGTCGACG-1,1
CAGGCCATCGTTCGCT-1,1
CAGGGCTCACGTAGTT-1,2
CAGGTATTCAGAGCAG-1,1
CAGTTAGAGGTCGAGT-1,3
CAGTTAGGTAGCGTCC-1,1
CATAAGCCATGTTCAG-1,2
CATAGACTCAACTGAC-1,1
CATCAAGAGCAGGTCA-1,1
CATCAAGAGCGTCTCG-1,5
CATCAAGAGGCCGCTT-1,4
CATCAAGCAGGCATTT-1,4
CATCCACTCTACGGGC-1,4
CATCCCAAGCACCCAC-1,2
CATCCCAAGTCGGGAT-1,2
CATCCCACACAAGGTG-1,5
CATCCCATCTACACTT-1,1
CATCGCTCACTGAATC-1,2
CATGCAAAGCGGACAT-1,2
CATGCAAGTCCTGTTC-1,2
CATGCAAGTTAAGCAA-1,5
CATGCGGCATTCTCTA-1,2
CATGGATAGCATCAGG-1,2
CATGGATGTCTGTGCG-1,1
CATGGATTCGCAACAT-1,2
CATGGTAGTTTCGTTT-1,4
CATTGCCAGCTAGCCC-1,3
CATTGCCAGTTAGTGA-1,4
CCAATTTTCGCTCTAC-1,1
CCACAAAGTCCAAGAG-1,4
CCACACTTCTATCGTT-1,3
CCACGAGGTGCCCAGT-1,4
CCATAAGGTGGCAACA-1,1
CCATAAGTCAATCTCT-1,4
CCCAACTGTATGAGCG-1,3
CCCAACTTCGTTCAGA-1,3
CCCATTGAGGAGGTTC-1,2
CCCGGAAAGAAATTGC-1,1
CCCTCAAAGCTTTCCC-1,2
CCCTCAATCTGGGATT-1,3
CCCTCTCCAAGTTCCA-1,4
CCGAACGAGAAGTATC-1,3
CCGGTAGAGACTCTTG-1,1
CCGGTAGGTGACGTCC-1,2
CCTAACCAGAGCATAT-1,2
CCTAAGAGTACGGTTT-1,2
CCTACGTCACATATGC-1,3
CCTACGTTCACTGAAC-1,4
CCTATCGCACACCTAA-1,3
CCTCAACTCACAACCA-1,5
CCTCAACTCAGAACCT-1,1
CCTCCAATCCCTCGTA-1,2
CCTCCTCTCCCATGGG-1,2
CCTGCATTCGACCAAT-1,3
CCTGTTGGTGACTGAG-1,1
CCTTGTGTCCCTTCCC-1,2
CCTTGTGTCTCCTGTG-1,1
CGAATTGGTCGAATTC-1,4
CGACAGCAGGAGCAAA-1,5
CGACAGCGTGGACCAA-1,4
CGAGAAGAGCATGCAG-1,2
CGAGAAGCAGTCGGAA-1,5
CGAGAAGTCCGAACGC-1,1
CGAGGAACAGTCAGTT-1,5
CGAGGAAGTCGTACTA-1,2
CGAGGCTAGTCCGCGT-1,2
CGAGGCTCACACGCCA-1,3
CGAGTGCCAGGCACTC-1,1
CGATCGGCAGCCTTCT-1,1
CGATGCGAGCATCCTA-1,1
CGATGCGGTAAGGCCA-1,1
CGCAGGTCAAACTAGA-1,4
CGGACACCATCAGTGT-1,5
CGGAGAACACTATCCC-1,3
CGGGACTGTAAGTCAA-1,4
CGGGCATAGTACCATC-1,3
CGGGTCATCATTCATC-1,3
CGGGTGTCACTGGATT-1,4
CGGTCAGCAGTCGCAC-1,4
CGTAAGTAGGTCGTAG-1,1
CGTAGTAAGATGAACT-1,1
CGTCAAACATTGTGCA-1,1
CGTCAAATCGCAGTCG-1,1
CGTCCATAGCCATATC-1,4
CGTGTCTCAGCTTCGG-1,2
CGTTAGAGTATGTGTC-1,1
CTAACTTGTTACAGCT-1,1
CTACATTCAGCATGCC-1,1
CTACCCAAGAGAGGTA-1,1
CTACCCAGTCATGGCC-1,3
CTACCCATCATTTGGG-1,2
CTACCTGAGGTTTGAA-1,2
CTACCTGTCAATCCGA-1,1
CTACGGGAGGGAGAAT-1,3
CTAGACAGTGCTGTCG-1,2
CTAGACAGTTAACCTG-1,1
CTAGGTAAGCGAGTCA-1,4
CTAGGTATCAGTAGGG-1,4
CTATAGGTCAAATGAG-1,4
CTATCCGAGGAAAGAC-1,4
CTATCCGTCCCATACC-1,2
CTATCCGTCCGTTGGG-1,4
CTATCTACATGACGTT-1,3
CTCAACCAGCATGTTC-1,2
CTCAATTAGCCAAGGT-1,1
CTCAATTTCCAAGGGA-1,1
CTCAATTTCTTTCTAG-1,5
CTCAGAAAGGTAGATT-1,4
CTCAGAAGTCCTTTGC-1,1
CTCAGAAGTGTTTCTT-1,2
CTCAGTCAGTGATTCC-1,1
CTCAGTCTCACCCTTG-1,2
CTCATCGAGAGCAGAA-1,2
CTCATCGAGGTTCTAC-1,1
CTCATCGGTCGTATGT-1,4
CTCATGCGTGTTTCTT-1,1
CTCATGCTCACTTTGT-1,4
CTCCAACGTTCCGGTG-1,1
CTCCATGTCGCCTCTA-1,1
CTCCTCCGTTTCCCAC-1,3
CTCTCGAAGGATATAC-1,1
CTCTCGAGTGGACAGT-1,4
CTCTGGTGTGCCTTCT-1,3
CTCTGGTTCCGAGGCT-1,1
CTGATCCAGCGTATGG-1,5
CTGATCCCATCATCTT-1,2
CTGATCCTCCGATCTC-1,3
CTGCATCGTAACGATA-1,2
CTGCCTAAGAGTAACT-1,1
CTGCTCAAGAGAGGGC-1,2
CTGGCAGCATCCTCAC-1,2
CTGGTCTGTGCGGATA-1,1
CTGTACCCATTAAAGG-1,4
CTGTAGAGTTTGAAAG-1,4
CTGTATTCATGTGGCC-1,1
CTGTCGTAGGCACGAT-1,2
CTTACCGAGTCGCGAA-1,2
CTTAGGAGTTTCCAAG-1,5
CTTCCGAGTCCTCCAT-1,1
CTTCCTTCATGACGAG-1,2
CTTCCTTGTCTTTCAT-1,1
CTTCGGTGTTGCATTG-1,1
CTTCTAACAGGGATAC-1,3
CTTCTAATCCGAAGGA-1,2
CTTCTCTAGCCTGCCA-1,1
CTTGATTAGCAGAAAG-1,1
CTTTCAACAGCTCTGG-1,1
GAAACCTTCAGGAACG-1,4
GAAACCTTCGCAAGAG-1,2
GAACGTTAGGAGAGTA-1,2
GAACTGTAGGGCAATC-1,4
GAAGCCCGTCATCACA-1,4
GAAGTAAGTCCTCATC-1,4
GAATAGACAATCTCTT-1,4
GAATCACGTTTATGCG-1,4
GAATCGTGTTTGGCTA-1,4
GAATCGTTCCAAACCA-1,1
GACACGCAGGTCCCTG-1,2
GACACGCGTGACGTCC-1,4
GACAGCCCATACTGAC-1,3
GACAGCCGTGTGTACT-1,4
GACCCTTTCACGGGCT-1,4
GACCGTGGTGCGTCGT-1,2
GACCTTCCATGGCTAT-1,3
GACGCTGAGAATCTAG-1,4
GACGCTGGTATCGTGT-1,4
GACTATGTCCGATTAG-1,1
GACTCAAAGAGTCTTC-1,2
GACTCAAAGCTGACTT-1,1
GACTCAAGTCTTCCGT-1,1
GACTGATAGTCACGAG-1,1
GACTGATGTCTCTCAC-1,1
GACTTCCTCATGAGTC-1,5
GAGAAATAGAACCGCA-1,3
GAGACCCGTAGTTCCA-1,2
GAGAGGTGTCATATGC-1,3
GAGATGGCATGTTCAG-1,1
GAGCCTGAGCCTCTTC-1,1
GAGGCAACATAACAGA-1,5
GAGGCAAGTAGGTACG-1,3
GAGGGATCAGAGCGTA-1,4
GAGGGTACAGCTGAAG-1,1
GAGGGTAGTACTGTTG-1,1
GAGTCTACACTACACA-1,3
GAGTGTTCACGTACTA-1,5
GAGTGTTCAGTACTAC-1,2
GAGTTTGTCGCGCTGA-1,1
GATAGCTAGACGCAGT-1,5
GATAGCTCATTCCTCG-1,2
GATCACAAGGACTGGT-1,1
GATCACAAGTCCCAGC-1,2
GATCACACAAAGAACT-1,3
GATCGTAGTATGTGTC-1,1
GATGACTGTTAGGGTG-1,1
GATTCGAGTGCGGCTT-1,1
GATTCGAGTGTTGACT-1,4
GATTCTTAGGAGTATT-1,3
GATTCTTGTGGCGTAA-1,3
GATTTCTAGTGTGTTC-1,2
GCACTAATCTTCTCAA-1,1
GCAGCCATCCGATGCG-1,3
GCAGCTGGTAGCTGCC-1,4
GCAGTTATCCGGTAAT-1,2
GCATCTCGTCACTGAT-1,3
GCATGATCACATAACC-1,1
GCATGATGTTCTCACC-1,3
GCCAACGGTGGCGTAA-1,1
GCCAGTGGTCATAGTC-1,2
GCCATGGAGCCATATC-1,2
GCCATTCTCAATCGGT-1,4
GCCCAGAAGAAACCCG-1,1
GCCGATGTCTGCCTGT-1,3
GCCTGTTTCAAACCCA-1,3
GCGATCGGTGAGTCAG-1,4
GCGATCGGTGGAGGTT-1,1
GCTGGGTGTACGATTC-1,1
GCTTGGGCACCACTGG-1,1
GCTTGGGGTACGTACT-1,1
GGAACCCAGACATAGT-1,1
GGAGAACTCAGAATAG-1,5
GGAGCAATCCAACTGA-1,2
GGAGCAATCGAGCACC-1,1
GGAGGATAGAGTCGAC-1,5
GGAGGATCAGCAGTCC-1,5
GGAGGATGTCTTGAGT-1,1
GGAGGTAGTAGGTGCA-1,3
GGATCTAGTGCCTTCT-1,2
GGCAGTCGTCTGCGCA-1,1
GGCGTCACACGGAAGT-1,1
GGCTGTGCAATACAGA-1,4
GGCTTGGAGTGATTCC-1,4
GGCTTTCTCGTGTGAT-1,4
GGGAAGTTCCACAGCG-1,3
GGGACAATCTGGTTGA-1,2
GGGAGATGTGCAGTGA-1,5
GGGCGTTCATTCTCTA-1,1
GGGCTACGTCTTAGTG-1,3
GGGTATTAGCGTGCTC-1,1
GGGTATTGTATAATGG-1,1
GGGTCACAGCTACAAA-1,2
GGGTCACGTGACAGCA-1,2
GGGTGAATCTCTGACC-1,1
GGGTTATTCATAAGGA-1,1
GGTAATCAGGATATAC-1,4
GGTCACGGTTGAGGAC-1,3
GGTCTGGGTCTACAAC-1,1
GGTGAAGGTCTGATAC-1,5
GGTGATTCAAGCACAG-1,5
GGTGATTCACAGCTTA-1,1
GGTGATTTCAGTCTTT-1,4
GGTGGCTAGTTAACAG-1,4
GGTGTCGAGGTTATAG-1,1
GGTGTTACAACTTGGT-1,2
GGTGTTACAATCGCGC-1,1
GGTGTTATCCTGTAGA-1,2
GTAACCACATTGACCA-1,2
GTAATCGGTACCGGAA-1,3
GTAATGCCAAGTAGTA-1,1
GTACAGTAGATAACGT-1,1
GTAGAAATCAGACCCG-1,2
GTAGAGGAGCATCCCG-1,1
GTAGATCAGCCGATAG-1,1
GTAGATCAGTGGTGGT-1,5
GTAGATCTCGTCAACA-1,4
GTAGGAGAGCGACTAG-1,5
GTAGTACTCGCCATAA-1,3
GTATTGGAGTATGATG-1,4
GTATTGGTCAGGAACG-1,5
GTCAAACAGCCAGAGT-1,1
GTCAAGTCAATTAGGA-1,2
GTCACGGCACATACGT-1,1
GTCACGGGTGCCTGAC-1,2
GTCACGGTCATCGCCT-1,5
GTCATCCGTGCAATGG-1,4
GTCCACTCACCACTGG-1,3
GTCGAATGTAGTACGG-1,3
GTCGAATGTATACCTG-1,1
GTCGAATTCCGACGGT-1,1
GTCGTTCGTCATCAGT-1,3
GTCTACCGTTAACAGA-1,1
GTCTAGAGTGTCACAT-1,2
GTCTCACAGACCTCAT-1,5
GTCTGTCAGAGTTGTA-1,1
GTCTGTCGTTGCATAC-1,3
GTCTTTAGTGAGTTGG-1,2
GTGACGCTCCAAAGGG-1,5
GTGAGGAGTTGGGCCT-1,1
GTGAGTTTCTTGAGCA-1,3
GTGCACGGTAAGCGGT-1,2
GTGCAGCCAATGTTGC-1,1
GTGCGTGAGGAATTAC-1,2
GTGCTTCAGCCTGCCA-1,5
GTGGAAGAGACCAGAC-1,2
GTGTGGCCATGCCGCA-1,1
GTGTTAGAGCGTGCTC-1,2
GTGTTCCAGCTGGCCT-1,1
GTTAGACGTCACTCGG-1,1
GTTAGACGTGCTGCAC-1,2
GTTCATTTCCTGTTGC-1,3
GTTGCGGGTGAGACGT-1,1
GTTGCGGTCATTTACC-1,2
TAACACGCAAGTTCCA-1,3
TAACCAGAGAAGAGCA-1,2
TAACTTCTCGCAAGAG-1,2
TAAGCACAGCGCCTCA-1,2
TAAGCACAGTGTACCT-1,5
TAAGCACCAACATCGT-1,1
TAAGCGTGTGATGGCA-1,4
TAATTCCGTGCAATGG-1,5
TACAACGTCGATCCCT-1,1
TACACCCTCCCATGGG-1,3
TACAGGTAGTGTCATC-1,4
TACCGAAGTACTAAGA-1,5
TACCTCGGTGGGCTCT-1,4
TACGCTCAGGTCTTTG-1,2
TACGCTCCACTTGGCG-1,1
TACGCTCTCTTCCCAG-1,1
TACGGGCGTCCCTGTT-1,1
TACGGGCTCCTGATAG-1,2
TACTTACCAGAGTTCT-1,5
TAGACCACACCAGACC-1,2
TAGACCATCCGGTAGC-1,3
TAGACTGCAGCGCTTG-1,4
TAGACTGCATCTTTCA-1,4
TAGAGTCAGGACAGTC-1,5
TAGAGTCGTCTTGAGT-1,1
TAGATCGCAAGAGAGA-1,2
TAGGAGGTCCTACCGT-1,1
TAGGGTTAGTGTTGAA-1,2
TAGGTACTCACCATGA-1,1
TAGTGCACATTCAGCA-1,4
TATATCCCAGCGGATA-1,5
TATCGCCCAGGACAGT-1,5
TATGTTCAGGATTACA-1,1
TATTGCTCACGCCACA-1,3
TCAAGACAGCACTGGA-1,5
TCAAGACTCTACAGGT-1,3
TCAAGCAGTTGCCATA-1,1
TCAATTCTCCGCACGA-1,2
TCACAAGGTTCAGTAC-1,1
TCACACCGTTGTTGCA-1,4
TCACGCTGTACGATCT-1,1
TCACGCTTCTTTGCTA-1,1
TCACGGGAGCGTTCCG-1,5
TCACGGGGTACGAGTG-1,5
TCACGGGTCTCTGAGA-1,2
TCACTATAGACATATG-1,4
TCACTATCATCGAACT-1,2
TCACTCGAGTCAATCC-1,1
TCACTCGCACTGTGAT-1,4
TCAGCAACAGAGGACT-1,2
TCAGGTAGTCTCTCTG-1,3
TCAGTTTCACATATGC-1,4
TCAGTTTCAGAGTCAG-1,3
TCATACTTCAGTGTCA-1,4
TCATCATGTGAGTTTC-1,3
TCATCATTCCGCGAGT-1,2
TCATGAGAGGCAGGTT-1,5
TCATGAGGTGTCATCA-1,4
TCATGCCCAGGGAATC-1,1
TCATGGACATAGAAAC-1,3
TCATGTTCATCGGAGA-1,3
TCATTCAGTCGAACGA-1,3
TCATTTGTCACTACGA-1,2
TCCACGTGTCACGCTG-1,2
TCCACGTGTTAAGGAT-1,3
TCCACGTGTTTATGCG-1,1
TCCAGAATCTGAGCAT-1,1
TCCATCGCAATTGTGC-1,1
TCCATGCCAAAGGTTA-1,1
TCCCACAGTTATCTGG-1,2
TCCCACATCGAACCAT-1,1
TCCCAGTCAGTAGTTC-1,4
TCCCAGTTCATCACTT-1,2
TCCCATGCAGAACTTC-1,3
TCCGTGTTCTCAACGA-1,3
TCCTCTTTCCACAGCG-1,1
TCCTTCTTCGTTATCT-1,2
TCGAACACAATCCAGT-1,4
TCGAACAGTCGCATTA-1,2
TCGAAGTAGAACGTGC-1,4
TCGAAGTGTCAGACGA-1,2
TCGACCTGTATTGAGA-1,1
TCGCTCAAGTTGGAAT-1,4
TCGCTTGTCTGTGCAA-1,4
TCGGGACAGCAGGGAG-1,1
TCGGGCATCAAATGAG-1,1
TCGGTCTTCTGAACGT-1,2
TCGTAGAAGGAGTCTG-1,5
TCTACATCAAAGGATT-1,3
TCTACCGCAACGTATC-1,1
TCTACCGGTTGTACGT-1,1
TCTATACGTAATGATG-1,3
TCTATACTCTACAGGT-1,2
TCTATCACAACAAAGT-1,4
TCTCACGAGACACACG-1,1
TCTCACGAGCCAGACA-1,4
TCTCACGGTGCGTTTA-1,2
TCTCCGACACAGGATG-1,1
TCTCCGAGTGAGTTGG-1,4
TCTCCGAGTGGAATGC-1,4
TCTCCGATCAACCCGG-1,2
TCTGCCATCTCTGACC-1,4
TCTGTCGCAGACCGCT-1,1
TCTTAGTAGGGAGTGG-1,4
TCTTAGTCAAGACCGA-1,4
TCTTAGTTCCATACTT-1,1
TCTTCCTGTAAGATTG-1,5
TCTTCCTTCTCGCAGG-1,4
TCTTTGATCATTGCCC-1,2
TGACCCTGTTCGTTCC-1,3
TGACGCGTCTCCCTAG-1,1
TGACTCCAGTCGGCAA-1,5
TGAGACTAGTGGAAAG-1,1
TGAGACTCAAGGCGTA-1,4
TGAGCATTCTCATTTG-1,2
TGAGCGCGTGGATGAC-1,1
TGAGGTTCACCCGTAG-1,1
TGAGGTTCACCCTAAA-1,1
TGAGGTTTCCCAGGAC-1,3
TGAGTCAAGCGACTGA-1,5
TGAGTCAAGGTGCTAG-1,3
TGATGCAAGTCTGCAT-1,2
TGATTCTAGAAGCGCT-1,3
TGATTCTGTTTGGCTA-1,1
TGCACGGAGAGTGAAG-1,1
TGCACGGCAGGATGAC-1,2
TGCAGATAGACGTCGA-1,5
TGCAGGCTCCGTGTCT-1,4
TGCATCCCAGGATGAC-1,1
TGCATGAGTGTAACGG-1,3
TGCGACGTCAGCGCGT-1,4
TGCGGCACACAACGAG-1,4
TGCTGAAGTGTACATC-1,1
TGCTTCGCAGGCACTC-1,2
TGCTTGCTCGATACTG-1,4
TGGAACTTCTGTTCAT-1,2
TGGATCAGTCTGTCCT-1,5
TGGATCAGTTCCACGG-1,1
TGGATGTAGCGACATG-1,3
TGGGAAGAGTCACGAG-1,3
TGGGAGACATGTGGTT-1,3
TGGGAGAGTAACATGA-1,3
TGGGAGATCATGGAGG-1,2
TGGGAGATCGCCTCTA-1,1
TGGGCGTCAGCTACAT-1,4
TGGGCTGTCTCACGAA-1,2
TGGGTTATCCCAGTGG-1,2
TGGTGATGTTGCGTAT-1,3
TGGTTAGAGGATAATC-1,5
TGTCCCACAGCGTACC-1,3
TGTCCCATCATGGGAG-1,1
TGTGAGTAGCCTTTCC-1,1
TGTGAGTCATCAGTCA-1,3
TGTGATGAGAAGTCTA-1,5
TGTGGCGGTCGTTGGC-1,2
TGTGTGAGTACTAAGA-1,5
TGTTACTAGTCTCGTA-1,4
TGTTACTTCACCTCTG-1,3
TGTTGAGAGCTGACTT-1,4
TGTTTGTCACGACGCT-1,1
TGTTTGTCATTCTGTT-1,2
TGTTTGTTCTGGGCGT-1,1
TTAATCCTCTCGGCTT-1,2
TTACAGGAGGATATGT-1,5
TTACAGGTCTATACGG-1,2
TTACCGCGTGGACTAG-1,5
TTACTGTCAACCTATG-1,3
TTACTGTGTTGGGTAG-1,1
TTAGGCAAGACATCCT-1,3
TTAGGCAGTACTGCGC-1,1
TTAGGGTAGCTGTGCC-1,1
TTCAATCCACTGCACG-1,1
TTCAATCTCCTCAGAA-1,2
TTCACCGTCGACCAAT-1,4
TTCACGCCATGGCCCA-1,2
TTCATGTAGGATACAT-1,1
TTCATGTAGGCTCACC-1,4
TTCATGTCAGGACTTT-1,2
TTCATTGAGAAGGCTC-1,2
TTCATTGGTCGAGTGA-1,3
TTCCACGCATCCAATG-1,1
TTCCGTGCACAAGCCC-1,3
TTCCGTGTCTAGGCAT-1,1
TTCCTAACAATAGGGC-1,3
TTCCTTCAGAGTATAC-1,2
TTCCTTCGTCATAGTC-1,1
TTCGATTTCCGTTGAA-1,3
TTCTAACGTGTTCGAT-1,5
TTCTAACTCCGAGTGC-1,5
TTCTCTCGTTCAAAGA-1,4
TTCTGTAAGCATAGGC-1,2
TTCTGTACATAATGAG-1,3
TTCTTGACATATGAAG-1,2
TTCTTGATCTCCGCAT-1,5
TTGAACGCATCCCGTT-1,3
TTGAACGTCTTCCGTG-1,1
TTGACCCAGTAATACG-1,2
TTGAGTGGTCCAGAAG-1,4
TTGATGGTCCGGTAGC-1,1
TTGCATTTCGCTAGCG-1,3
TTGCCTGAGAAGGTAG-1,2
TTGCTGCAGGTCTGGA-1,3
TTGCTGCCAGTATGAA-1,1
TTGCTGCTCTGGGAGA-1,4
TTGGATGGTAAGGCTG-1,1
TTGGATGTCGCCACTT-1,4
TTGGGATAGGCTTAGG-1,2
TTGGGATCATAATGCC-1,2
TTGGGTACATCGAACT-1,2
TTGGGTAGTGCCTTCT-1,1
TTGTGGAAGCTCTGTA-1,1
TTGTGGATCCTAGCTC-1,2
TTGTTGTAGTCATCGT-1,5
TTGTTTGCATCGCCTT-1,1
TTTACCACAGTAGTGG-1,1
TTTACGTGTAATGCTC-1,2
TTTACGTGTGGGATTG-1,2
TTTACTGAGGTTGACG-1,1
TTTACTGCAGTTGGTT-1,5
TTTAGTCGTTTGACAC-1,5
TTTCACACAACGGCCT-1,5
TTTCAGTAGCAAGGAA-1,1
TTTCAGTGTGTTAGCT-1,3
TTTCATGAGAGGGCGA-1,2
TTTCATGCATCCGGTG-1,1
TTTCCTCGTCCCACGA-1,1
TTTCCTCTCGATTGAC-1,4
TTTCGATCAGGCATTT-1,1
TTTCGATGTCAACGCC-1,2
TTTGACTTCTCCGAGG-1,4
TTTGATCCAAACCACT-1,3
TTTGGTTCACAAGTGG-1,5
